Gesture,Chi2,p-value
Increase volume,299.48102170896544,1.0567481610313078e-61
Decrease volume,429.49626141312376,1.2674920752361927e-89
Mute microphone,178.94414468850556,5.6862353738172974e-36
Unmute microphone,72.70752956482004,1.1368691070958776e-13
Turn off camera,65.11534833304026,4.086212625162523e-12
Turn on camera,76.2961595685482,2.0757434305167007e-14
Ask for a question,140.17099181951733,9.223033819369975e-28
End call,47.760365588042056,1.3193090376839312e-08
