Group,Mean,Median,Count,STD,SE,Lower,Upper
LLM-COMB,0.45666721080201694,0.45366111397743225,747,0.0635988045711146,0.0023269585733257762,0.4490091901372018,0.4643252314668321
LLM-HP,0.46707521380988787,0.46269655227661133,747,0.061920492691190925,0.0022655523528152003,0.459619281016773,0.4745311466030027
LLM-LDMK,0.508377084783191,0.5152335464954376,746,0.05245469466579797,0.0019205028219500455,0.5020567099961534,0.5146974595702286
LLM-NS,0.6038929280407148,0.6032931208610535,798,0.040460440325033674,0.0014322840616311137,0.5991792811938869,0.6086065748875428
Human-NS,0.6448867926615234,0.6588445901870728,811,0.07705645633134874,0.002705818150724555,0.6359819451274888,0.6537916401955579
LLM-S,0.6820775763958877,0.6822487115859985,805,0.10806754022170184,0.00380888031501689,0.6695425512791672,0.6946126015126083
